{".env":[".env"],"assets/audio/silent.mp3":["assets/audio/silent.mp3"],"assets/fonts/Inter-Bold.ttf":["assets/fonts/Inter-Bold.ttf"],"assets/fonts/Inter-Regular.ttf":["assets/fonts/Inter-Regular.ttf"],"assets/fonts/Inter-SemiBold.ttf":["assets/fonts/Inter-SemiBold.ttf"],"assets/fonts/Manrope-Bold.ttf":["assets/fonts/Manrope-Bold.ttf"],"assets/fonts/Manrope-Medium.ttf":["assets/fonts/Manrope-Medium.ttf"],"assets/fonts/Manrope-Regular.ttf":["assets/fonts/Manrope-Regular.ttf"],"assets/fonts/Manrope-SemiBold.ttf":["assets/fonts/Manrope-SemiBold.ttf"],"assets/fonts/Roboto-Bold.ttf":["assets/fonts/Roboto-Bold.ttf"],"assets/fonts/Roboto-Regular.ttf":["assets/fonts/Roboto-Regular.ttf"],"packages/cupertino_icons/assets/CupertinoIcons.ttf":["packages/cupertino_icons/assets/CupertinoIcons.ttf"]}