[{"family":"MaterialIcons","fonts":[{"asset":"fonts/MaterialIcons-Regular.otf"}]},{"family":"Roboto","fonts":[{"asset":"assets/fonts/Roboto-Regular.ttf"},{"weight":700,"asset":"assets/fonts/Roboto-Bold.ttf"}]},{"family":"Inter","fonts":[{"asset":"assets/fonts/Inter-Regular.ttf"},{"weight":600,"asset":"assets/fonts/Inter-SemiBold.ttf"},{"weight":700,"asset":"assets/fonts/Inter-Bold.ttf"}]},{"family":"Manrope","fonts":[{"asset":"assets/fonts/Manrope-Regular.ttf"},{"weight":500,"asset":"assets/fonts/Manrope-Medium.ttf"},{"weight":600,"asset":"assets/fonts/Manrope-SemiBold.ttf"},{"weight":700,"asset":"assets/fonts/Manrope-Bold.ttf"}]},{"family":"packages/cupertino_icons/CupertinoIcons","fonts":[{"asset":"packages/cupertino_icons/assets/CupertinoIcons.ttf"}]}]